{
  "T1_baseline_variance": {
    "JAX_260": {
      "overall": [
        1.5875285387039184,
        0.06615086822703369
      ],
      "water": [
        1.232426404953003,
        0.10106810889163162
      ],
      "building": [
        0.9620142817497254,
        0.05518677131622467
      ],
      "ground": [
        1.3763065576553344,
        0.1006766824056804
      ],
      "tree": [
        2.6342794418334963,
        0.21827346923132113
      ],
      "weak20": [
        1.2130511045455932,
        0.11961583645727736
      ],
      "err20": [
        4.379374027252197,
        0.24221265023426122
      ]
    },
    "JAX_214": {
      "overall": [
        1.7373882830142975,
        0.04452364295203588
      ],
      "water": [
        1.8112209737300873,
        0.3781814203134143
      ],
      "building": [
        1.2873496115207672,
        0.03814703965868815
      ],
      "ground": [
        1.7551205158233643,
        0.11405523971285778
      ],
      "tree": [
        3.0361024737358093,
        0.06668143675674737
      ],
      "weak20": [
        1.8252950310707092,
        0.03299348605260391
      ],
      "err20": [
        5.917954802513123,
        0.2522647634604202
      ]
    },
    "JAX_004": {
      "overall": [
        1.6249282360076904,
        0.05160005717914877
      ],
      "water": null,
      "building": [
        0.9190441767374674,
        0.05067208479246252
      ],
      "ground": [
        1.2405507961908977,
        0.09667687339625239
      ],
      "tree": [
        3.2055538495381675,
        0.21077656089823843
      ],
      "weak20": [
        1.558081825574239,
        0.15560997504306914
      ],
      "err20": [
        4.583192825317383,
        0.22730304792884753
      ]
    },
    "JAX_068": {
      "overall": [
        1.0054523944854736,
        0.0
      ],
      "water": null,
      "building": [
        0.962053656578064,
        0.0
      ],
      "ground": [
        0.8502006530761719,
        0.0
      ],
      "tree": [
        2.2306952476501465,
        0.0
      ],
      "weak20": [
        0.9126885533332825,
        0.0
      ],
      "err20": [
        3.540111541748047,
        0.0
      ]
    },
    "IARPA_001": {
      "overall": [
        1.6800603866577148,
        0.0
      ],
      "water": null,
      "building": [
        1.477002739906311,
        0.0
      ],
      "ground": [
        1.4565978050231934,
        0.0
      ],
      "tree": [
        3.6075665950775146,
        0.0
      ],
      "weak20": [
        1.546786904335022,
        0.0
      ],
      "err20": [
        5.204686641693115,
        0.0
      ]
    },
    "IARPA_002": {
      "overall": [
        2.133077621459961,
        0.0
      ],
      "water": null,
      "building": [
        1.3949286937713623,
        0.0
      ],
      "ground": [
        2.0234804153442383,
        0.0
      ],
      "tree": [
        4.119002819061279,
        0.0
      ],
      "weak20": [
        2.351508378982544,
        0.0
      ],
      "err20": [
        6.881009101867676,
        0.0
      ]
    },
    "IARPA_003": {
      "overall": [
        2.1576039791107178,
        0.0
      ],
      "water": null,
      "building": [
        1.318673849105835,
        0.0
      ],
      "ground": [
        1.297847032546997,
        0.0
      ],
      "tree": [
        3.9326863288879395,
        0.0
      ],
      "weak20": [
        4.570781230926514,
        0.0
      ],
      "err20": [
        7.632598876953125,
        0.0
      ]
    }
  },
  "T2_paired_deltas": {
    "JAX_260": {
      "overall": {
        "per_seed": {
          "1337": -0.0057,
          "2024": 0.0637,
          "3407": -0.0044,
          "5150": 0.0407,
          "6001": 0.0313
        },
        "mean": 0.0251,
        "std": 0.03,
        "improved": 2,
        "n": 5
      },
      "water": {
        "per_seed": {
          "1337": -0.1195,
          "2024": 0.0437,
          "3407": 0.1084,
          "5150": 0.0041,
          "6001": -0.0675
        },
        "mean": -0.0062,
        "std": 0.0899,
        "improved": 2,
        "n": 5
      },
      "building": {
        "per_seed": {
          "1337": -0.0597,
          "2024": 0.0494,
          "3407": -0.0524,
          "5150": 0.0117,
          "6001": 0.0271
        },
        "mean": -0.0048,
        "std": 0.0488,
        "improved": 2,
        "n": 5
      },
      "ground": {
        "per_seed": {
          "1337": 0.0563,
          "2024": 0.0898,
          "3407": -0.067,
          "5150": 0.0319,
          "6001": 0.0639
        },
        "mean": 0.035,
        "std": 0.0606,
        "improved": 1,
        "n": 5
      },
      "tree": {
        "per_seed": {
          "1337": 0.0398,
          "2024": 0.0047,
          "3407": 0.0296,
          "5150": 0.1494,
          "6001": 0.0767
        },
        "mean": 0.0601,
        "std": 0.0563,
        "improved": 0,
        "n": 5
      },
      "weak20": {
        "per_seed": {
          "1337": -0.1414,
          "2024": 0.0428,
          "3407": 0.1451,
          "5150": -0.0005,
          "6001": -0.0796
        },
        "mean": -0.0067,
        "std": 0.1107,
        "improved": 3,
        "n": 5
      },
      "err20": {
        "per_seed": {
          "1337": -0.0728,
          "2024": 0.1234,
          "3407": 0.0217,
          "5150": 0.2468,
          "6001": 0.1579
        },
        "mean": 0.0954,
        "std": 0.1238,
        "improved": 1,
        "n": 5
      }
    },
    "JAX_214": {
      "overall": {
        "per_seed": {
          "1337": -0.048,
          "2024": 0.0226,
          "3407": 0.0403,
          "5150": -0.0504
        },
        "mean": -0.0089,
        "std": 0.0471,
        "improved": 2,
        "n": 4
      },
      "water": {
        "per_seed": {
          "1337": -0.0255,
          "2024": 0.4269,
          "3407": 1.5742,
          "5150": -0.1323
        },
        "mean": 0.4608,
        "std": 0.7808,
        "improved": 2,
        "n": 4
      },
      "building": {
        "per_seed": {
          "1337": -0.0517,
          "2024": -0.0086,
          "3407": -0.0324,
          "5150": -0.0084
        },
        "mean": -0.0253,
        "std": 0.0209,
        "improved": 4,
        "n": 4
      },
      "ground": {
        "per_seed": {
          "1337": -0.1903,
          "2024": 0.0066,
          "3407": 0.0039,
          "5150": -0.2131
        },
        "mean": -0.0982,
        "std": 0.1198,
        "improved": 2,
        "n": 4
      },
      "tree": {
        "per_seed": {
          "1337": 0.296,
          "2024": 0.184,
          "3407": 0.0802,
          "5150": 0.2689
        },
        "mean": 0.2073,
        "std": 0.0972,
        "improved": 0,
        "n": 4
      },
      "weak20": {
        "per_seed": {
          "1337": -0.0276,
          "2024": 0.0113,
          "3407": 0.0031,
          "5150": -0.0503
        },
        "mean": -0.0159,
        "std": 0.0284,
        "improved": 2,
        "n": 4
      },
      "err20": {
        "per_seed": {
          "1337": -0.46,
          "2024": 0.0228,
          "3407": 0.0503,
          "5150": -0.3649
        },
        "mean": -0.188,
        "std": 0.2623,
        "improved": 2,
        "n": 4
      }
    },
    "JAX_004": {
      "overall": {
        "per_seed": {
          "1337": 0.027,
          "2024": 0.0281,
          "3407": 0.0604
        },
        "mean": 0.0385,
        "std": 0.019,
        "improved": 0,
        "n": 3
      },
      "building": {
        "per_seed": {
          "1337": 0.0355,
          "2024": -0.0153,
          "3407": 0.0223
        },
        "mean": 0.0142,
        "std": 0.0263,
        "improved": 1,
        "n": 3
      },
      "ground": {
        "per_seed": {
          "1337": 0.017,
          "2024": 0.0379,
          "3407": 0.0698
        },
        "mean": 0.0415,
        "std": 0.0266,
        "improved": 0,
        "n": 3
      },