{
  "T1_baseline_variance": {
    "JAX_260": {
      "overall": [
        1.5900139212608337,
        0.05947951456154978
      ],
      "water": [
        1.248109797636668,
        0.09822231388215602
      ],
      "building": [
        0.9622660179932913,
        0.049364400223899915
      ],
      "ground": [
        1.3772508104642232,
        0.09007766196107642
      ],
      "tree": [
        2.6242942015329995,
        0.19675587930065302
      ],
      "weak20": [
        1.2300546367963154,
        0.11480888170828686
      ],
      "err20": [
        4.3735151290893555,
        0.21711640765473936
      ]
    },
    "JAX_214": {
      "overall": [
        1.7371030648549397,
        0.035008649695975703
      ],
      "water": [
        1.9333482782046,
        0.4028030807218746
      ],
      "building": [
        1.2777546048164368,
        0.03320684859025569
      ],
      "ground": [
        1.7192669709523518,
        0.10874461249960547
      ],
      "tree": [
        3.1502055327097573,
        0.18446061873251243
      ],
      "weak20": [
        1.8288049499193828,
        0.039033058841927544
      ],
      "err20": [
        5.884735027949016,
        0.21240770031429063
      ]
    },
    "JAX_004": {
      "overall": [
        1.6237528721491497,
        0.0619605939612542
      ],
      "water": null,
      "building": [
        0.9255050818125407,
        0.037046534871462845
      ],
      "ground": [
        1.22493310769399,
        0.11988312226344665
      ],
      "tree": [
        3.2454377015431723,
        0.1559239372272392
      ],
      "weak20": [
        1.5499899784723918,
        0.11354538452906204
      ],
      "err20": [
        4.612998167673747,
        0.14976037822244326
      ]
    },
    "JAX_068": {
      "overall": [
        0.9936202565828959,
        0.008761627401362689
      ],
      "water": null,
      "building": [
        0.9482535322507223,
        0.017052376510501947
      ],
      "ground": [
        0.8552722831567129,
        0.016877315686935773
      ],
      "tree": [
        1.9304785132408142,
        0.26610680759693434
      ],
      "weak20": [
        0.9138655563195547,
        0.01064421463279773
      ],
      "err20": [
        3.350524107615153,
        0.1027177654298858
      ]
    },
    "IARPA_001": {
      "overall": [
        1.6942707896232605,
        0.05656527777310586
      ],
      "water": null,
      "building": [
        1.4874444405237834,
        0.05487528151550029
      ],
      "ground": [
        1.4824360609054565,
        0.0641686364402366
      ],
      "tree": [
        3.5723173220952353,
        0.02733999943458594
      ],
      "weak20": [
        1.566854437192281,
        0.0548935904685751
      ],
      "err20": [
        4.953487714131673,
        0.21836184893820815
      ]
    },
    "IARPA_002": {
      "overall": [
        2.2216583887736,
        0.35365097922531674
      ],
      "water": null,
      "building": [
        1.424850602944692,
        0.20718425332992138
      ],
      "ground": [
        2.1541666984558105,
        0.48685907157727853
      ],
      "tree": [
        4.168977975845337,
        0.15366820272500775
      ],
      "weak20": [
        2.667343775431315,
        0.9581296467377263
      ],
      "err20": [
        6.650251865386963,
        0.16155088554779787
      ]
    },
    "IARPA_003": {
      "overall": [
        2.130201578140259,
        0.026066542440887314
      ],
      "water": null,
      "building": [
        1.2637575666109722,
        0.06528165719693653
      ],
      "ground": [
        1.2767895261446636,
        0.02444290660676875
      ],
      "tree": [
        3.864753484725952,
        0.08770666850282902
      ],
      "weak20": [
        4.563771804173787,
        0.05871481041976026
      ],
      "err20": [
        7.449398358662923,
        0.12080133783225994
      ]
    }
  },
  "T2_paired_deltas": {
    "JAX_260": {
      "overall": {
        "per_seed": {
          "1337": -0.0057,
          "2024": 0.0637,
          "3407": -0.0044,
          "5150": 0.0407,
          "6001": 0.0313,
          "7777": -0.0052
        },
        "mean": 0.0201,
        "std": 0.0295,
        "improved": 3,
        "n": 6
      },
      "water": {
        "per_seed": {
          "1337": -0.1195,
          "2024": 0.0437,
          "3407": 0.1084,
          "5150": 0.0041,
          "6001": -0.0675,
          "7777": -0.1692
        },
        "mean": -0.0333,
        "std": 0.1044,
        "improved": 3,
        "n": 6
      },
      "building": {
        "per_seed": {
          "1337": -0.0597,
          "2024": 0.0494,
          "3407": -0.0524,
          "5150": 0.0117,
          "6001": 0.0271,
          "7777": -0.0274
        },
        "mean": -0.0086,
        "std": 0.0446,
        "improved": 3,
        "n": 6
      },
      "ground": {
        "per_seed": {
          "1337": 0.0563,
          "2024": 0.0898,
          "3407": -0.067,
          "5150": 0.0319,
          "6001": 0.0639,
          "7777": 0.0572
        },
        "mean": 0.0387,
        "std": 0.055,
        "improved": 1,
        "n": 6
      },
      "tree": {
        "per_seed": {
          "1337": 0.0398,
          "2024": 0.0047,
          "3407": 0.0296,
          "5150": 0.1494,
          "6001": 0.0767,
          "7777": 0.0818
        },
        "mean": 0.0637,
        "std": 0.0511,
        "improved": 0,
        "n": 6
      },
      "weak20": {
        "per_seed": {
          "1337": -0.1414,
          "2024": 0.0428,
          "3407": 0.1451,
          "5150": -0.0005,
          "6001": -0.0796,
          "7777": -0.1852
        },
        "mean": -0.0365,
        "std": 0.1229,
        "improved": 4,
        "n": 6
      },
      "err20": {
        "per_seed": {
          "1337": -0.0728,
          "2024": 0.1234,
          "3407": 0.0217,
          "5150": 0.2468,
          "6001": 0.1579,
          "7777": 0.2179
        },
        "mean": 0.1158,
        "std": 0.1215,
        "improved": 1,
        "n": 6
      }
    },
    "JAX_214": {
      "overall": {
        "per_seed": {
          "1337": -0.048,
          "2024": 0.0226,
          "3407": 0.0403,
          "5150": -0.0504,
          "6001": 0.0521,
          "7777": 0.1356
        },
        "mean": 0.0253,
        "std": 0.0696,
        "improved": 2,
        "n": 6
      },
      "water": {
        "per_seed": {
          "1337": -0.0255,
          "2024": 0.4269,
          "3407": 1.5742,
          "5150": -0.1323,
          "6001": 0.712,
          "7777": 1.0834
        },
        "mean": 0.6064,
        "std": 0.6561,
        "improved": 2,
        "n": 6
      },
      "building": {
        "per_seed": {
          "1337": -0.0517,
          "2024": -0.0086,
          "3407": -0.0324,
          "5150": -0.0084,
          "6001": 0.0472,
          "7777": 0.0601
        },
        "mean": 0.001,
        "std": 0.044,
        "improved": 4,
        "n": 6
      },
      "ground": {
        "per_seed": {
          "1337": -0.1903,
          "2024": 0.0066,
          "3407": 0.0039,
          "5150": -0.2131,
          "6001": 0.0181,
          "7777": 0.1506
        },
        "mean": -0.0374,
        "std": 0.1388,
        "improved": 2,
        "n": 6
      },
      "tree": {
        "per_seed": {
          "1337": 0.296,
          "2024": 0.184,
          "3407": 0.0802,
          "5150": 0.2689,
          "6001": 0.0817,
          "7777": 0.1998
        },
        "mean": 0.1851,
        "std": 0.0908,
        "improved": 0,
        "n": 6
      },
      "weak20": {
        "per_seed": {
          "1337": -0.0276,
          "2024": 0.0113,
          "3407": 0.0031,
          "5150": -0.0503,
          "6001": -0.0582,
          "7777": 0.1247
        },
        "mean": 0.0005,
        "std": 0.0669,
        "improved": 3,
        "n": 6
      },
      "err20": {
        "per_seed": {
          "1337": -0.46,